Method,Alpha,Gamma,EpsilonDecay,AverageReward,TotalTime
Q-learning,0.1,0.95,0.99,-199.42,4.28515887260437
SARSA,0.1,0.95,0.99,-195.24,3.7609589099884033
Q-learning,0.1,0.95,0.995,-200.0,4.811646461486816
SARSA,0.1,0.95,0.995,-197.56,3.879230499267578
Q-learning,0.1,0.99,0.99,-199.54,4.599385738372803
SARSA,0.1,0.99,0.99,-199.28,3.6146650314331055
Q-learning,0.1,0.99,0.995,-199.94,4.307165861129761
SARSA,0.1,0.99,0.995,-198.18,3.603976011276245
Q-learning,0.5,0.95,0.99,-200.0,4.196747303009033
SARSA,0.5,0.95,0.99,-200.0,3.5400702953338623
Q-learning,0.5,0.95,0.995,-200.0,4.463891506195068
SARSA,0.5,0.95,0.995,-200.0,3.6894590854644775
Q-learning,0.5,0.99,0.99,-199.98,4.389743328094482
SARSA,0.5,0.99,0.99,-199.48,3.4814815521240234
Q-learning,0.5,0.99,0.995,-198.9,4.425978899002075
SARSA,0.5,0.99,0.995,-198.96,4.002424955368042
